{
  "version": 1,
  "author": "Uri Shaked",
  "editor": "wokwi",
  "parts": [
    { "type": "wokwi-arduino-uno", "id": "uno", "top": 200, "left": 20, "attrs": {} },
    {
      "type": "wokwi-resistor",
      "id": "r1",
      "top": -36.07,
      "left": -131.27,
      "attrs": { "value": "220" }
    },
    {
      "type": "wokwi-pushbutton",
      "id": "btn1",
      "top": 148.11,
      "left": 354.24,
      "attrs": { "color": "green" }
    },
    {
      "type": "wokwi-pushbutton",
      "id": "btn2",
      "top": 379.37,
      "left": 355.99,
      "attrs": { "color": "white" }
    },
    {
      "type": "wokwi-pushbutton",
      "id": "btn3",
      "top": 321.56,
      "left": 356.87,
      "attrs": { "color": "black" }
    },
    {
      "type": "wokwi-pushbutton",
      "id": "btn4",
      "top": 261.46,
      "left": 356.02,
      "attrs": { "color": "yellow" }
    },
    {
      "type": "wokwi-pushbutton",
      "id": "btn5",
      "top": 206.75,
      "left": 354.69,
      "attrs": { "color": "red" }
    },
    {
      "type": "wokwi-resistor",
      "id": "r2",
      "top": 386.5,
      "left": 450.97,
      "attrs": { "value": "1000" }
    },
    {
      "type": "wokwi-resistor",
      "id": "r3",
      "top": 331.2,
      "left": 449.46,
      "attrs": { "value": "1000" }
    },
    {
      "type": "wokwi-resistor",
      "id": "r4",
      "top": 269.42,
      "left": 442.63,
      "attrs": { "value": "1000" }
    },
    {
      "type": "wokwi-resistor",
      "id": "r5",
      "top": 215.92,
      "left": 443.12,
      "attrs": { "value": "1000" }
    },
    {
      "type": "wokwi-resistor",
      "id": "r6",
      "top": 160.21,
      "left": 441.29,
      "attrs": { "value": "1000" }
    },
    {
      "type": "wokwi-lcd1602",
      "id": "lcd1",
      "top": -71.24,
      "left": 4.07,
      "attrs": { "pins": "i2c" }
    },
    {
      "type": "wokwi-led",
      "id": "led1",
      "top": -42.33,
      "left": 513.51,
      "attrs": { "color": "green" }
    },
    {
      "type": "wokwi-led",
      "id": "led2",
      "top": -37.25,
      "left": 449.24,
      "attrs": { "color": "orange" }
    },
    {
      "type": "wokwi-led",
      "id": "led3",
      "top": -35.66,
      "left": 372.08,
      "attrs": { "color": "red" }
    },
    {
      "type": "wokwi-led",
      "id": "led4",
      "top": -43.18,
      "left": 589.78,
      "attrs": { "color": "red" }
    },
    {
      "type": "wokwi-led",
      "id": "led5",
      "top": -43.06,
      "left": 644.04,
      "attrs": { "color": "orange" }
    },
    {
      "type": "wokwi-led",
      "id": "led6",
      "top": -40.52,
      "left": 699.88,
      "attrs": { "color": "green" }
    },
    {
      "type": "wokwi-resistor",
      "id": "r7",
      "top": 111.43,
      "left": 656.3,
      "attrs": { "value": "1000" }
    },
    {
      "type": "wokwi-resistor",
      "id": "r8",
      "top": 93.82,
      "left": 601.81,
      "attrs": { "value": "1000" }
    },
    {
      "type": "wokwi-resistor",
      "id": "r9",
      "top": 77.89,
      "left": 543.96,
      "attrs": { "value": "1000" }
    },
    {
      "type": "wokwi-resistor",
      "id": "r10",
      "top": 61.13,
      "left": 476.05,
      "attrs": { "value": "1000" }
    },
    {
      "type": "wokwi-resistor",
      "id": "r11",
      "top": 45.2,
      "left": 406.47,
      "attrs": { "value": "1000" }
    },
    {
      "type": "wokwi-resistor",
      "id": "r12",
      "top": 31.78,
      "left": 328.49,
      "attrs": { "value": "1000" }
    },
    {
      "type": "wokwi-buzzer",
      "id": "bz1",
      "top": -74.11,
      "left": -242.32,
      "attrs": { "volume": "0.1" }
    },
    { "type": "wokwi-servo", "id": "servo1", "top": 110.13, "left": -200.52, "attrs": {} },
    { "type": "wokwi-servo", "id": "servo2", "top": 101.75, "left": -441.14, "attrs": {} },
    { "type": "wokwi-servo", "id": "servo3", "top": 277.81, "left": -432.76, "attrs": {} },
    { "type": "wokwi-servo", "id": "servo4", "top": 279.49, "left": -208.91, "attrs": {} }
  ],
  "connections": [
    [ "uno:GND.2", "r2:2", "black", [ "v43.39", "h347.04", "v-44.68", "h-3.5" ] ],
    [ "uno:GND.2", "r3:2", "black", [ "v41.63", "h347.04", "v-97.24" ] ],
    [ "uno:GND.2", "r4:2", "black", [ "v43.39", "h347.91", "v-148.92" ] ],
    [ "uno:GND.2", "r5:2", "black", [ "v44.26", "h348.79", "v-212.87" ] ],
    [ "uno:GND.2", "r6:2", "black", [ "v42.51", "h348.79", "v-269.81" ] ],
    [ "r2:1", "btn2:1.r", "green", [ "v0" ] ],
    [ "r3:1", "btn3:1.r", "green", [ "v0" ] ],
    [ "r4:1", "btn4:1.r", "green", [ "v0" ] ],
    [ "r5:1", "btn5:1.r", "green", [ "v0" ] ],
    [ "r6:1", "btn1:1.r", "green", [ "v0" ] ],
    [ "uno:5V", "btn2:2.l", "red", [ "v0" ] ],
    [ "uno:5V", "btn3:2.l", "red", [ "v20.61", "h145.42", "v-57.82" ] ],
    [ "uno:5V", "btn4:2.l", "red", [ "v19.73", "h145.42", "v-116.51" ] ],
    [ "uno:5V", "btn5:2.l", "red", [ "v20.61", "h144.55", "v-171.69" ] ],
    [ "uno:5V", "btn1:2.l", "red", [ "v18.86", "h144.55", "v-232.14" ] ],
    [ "lcd1:SCL", "uno:A5.2", "green", [ "h-20.78", "v83.84", "h113.88" ] ],
    [ "lcd1:SDA", "uno:A4.2", "green", [ "h-28.67", "v99.47", "h135.78" ] ],
    [ "r1:2", "lcd1:VCC", "green", [ "v0" ] ],
    [ "lcd1:GND", "uno:GND.1", "black", [ "h-36.55", "v125.48", "h155.05" ] ],
    [ "uno:A0", "btn2:1.r", "green", [ "v36.23", "h215.31", "v-28.45", "h-13.39" ] ],
    [ "uno:A1", "btn3:1.r", "green", [ "v36.23", "h204.13", "v-76.98" ] ],
    [ "uno:A2", "btn4:1.r", "green", [ "v36.23", "h194.63", "v-143.09" ] ],
    [ "uno:A3", "btn5:1.r", "green", [ "v35.39", "h185.97", "v-190.79" ] ],
    [ "uno:2", "btn1:1.r", "green", [ "v-13.9", "h183.46", "v-20.92" ] ],
    [ "led3:A", "r12:2", "green", [ "v0" ] ],
    [ "r12:1", "uno:8", "green", [ "v0.7", "h-11.98", "v36.05", "h-116.54" ] ],
    [ "led2:A", "r11:2", "green", [ "v0" ] ],
    [ "r11:1", "uno:7", "green", [ "v-1.82", "h-81.58", "v32.7", "h-119.05" ] ],
    [ "led1:A", "r10:2", "green", [ "v0" ] ],
    [ "r10:1", "uno:6", "green", [ "v-1.82", "h-141.1", "v25.15", "h-114.86" ] ],
    [ "led4:A", "r9:2", "green", [ "v0" ] ],
    [ "r9:1", "uno:5", "green", [ "v1.54", "h-200.62", "v13.41", "h-108.99" ] ],
    [ "led5:A", "r8:2", "green", [ "v0" ] ],
    [ "r8:1", "uno:4", "green", [ "v-0.14", "h-251.76", "v10.9", "h-108.15" ] ],
    [ "led6:A", "r7:2", "green", [ "v0" ] ],
    [ "uno:GND.1", "led3:C", "black", [ "v-83.68", "h244.73" ] ],
    [ "uno:GND.1", "led2:C", "black", [ "v-82.84", "h318.51" ] ],
    [ "uno:GND.1", "led1:C", "black", [ "v-82.84", "h375.52" ] ],
    [ "uno:GND.1", "led4:C", "black", [ "v-83.68", "h448.46" ] ],
    [ "uno:GND.1", "led5:C", "black", [ "v-82", "h513.85" ] ],
    [ "uno:GND.1", "led6:C", "black", [ "v-82.84", "h564.99" ] ],
    [ "uno:13", "bz1:2", "green", [ "v-116.37", "h-340.74" ] ],
    [ "uno:GND.1", "bz1:1", "black", [ "v-122.24", "h-360.59" ] ],
    [
      "uno:5V",
      "r1:1",
      "red",
      [ "v19.71", "h-166.15", "v-311.04", "h-52.82", "v-108.99", "h-114.02", "v-25.15" ]
    ],
    [ "servo1:PWM", "uno:9", "green", [ "h-16.18", "v24.16", "h200.37", "v-67.91", "h197.02" ] ],
    [ "servo2:PWM", "uno:10", "green", [ "h-16.18", "v37.57", "h448.54", "v-68.75", "h181.93" ] ],
    [ "servo3:PWM", "uno:11", "green", [ "h-29.59", "v35.9", "h470.33", "v-232.23", "h152.59" ] ],
    [ "servo4:PWM", "uno:3", "green", [ "h-24.56", "v19.13", "h233.07", "v-222.17", "h250.68" ] ],
    [ "r7:1", "uno:12", "green", [ "v1.54", "h-396.8", "v41.92", "h-104.8" ] ]
  ],
  "dependencies": {}
}